{"episodes": [0, 20, 40, 60, 80, 100, 120, 140, 160, 180, 200, 220, 240, 260, 280, 300, 320, 340, 360, 380, 400, 420, 440, 460, 480], "rewards": [12.0, -8.0, -10.0, 10.0, 8.7, -10.2, -9.7, -9.6, -18.19999999999999, -16.699999999999996, 11.0, -10.0, 10.0, 3.8000000000000096, -13.500000000000002, -33.60000000000008, -11.6, -13.100000000000001, -12.5, -9.0, -9.4, -23.499999999999968, -21.099999999999977, -10.6, -17.79999999999999]}